顶点1,Unnamed: 1,Unnamed: 2,顶点2,Unnamed: 4,Unnamed: 5
X,Y,Z,X,Y,Z
-5000,-4872.85737033347,2556.81333101074,-337.119122805609,-4694.65516508342,3967.32057366848
-5000,-4866.08250706701,-1349.01698940725,-2499.66714527227,-4677.41226432862,-3842.98260498987
-5000,-4706.61459072279,-4108.45905076322,-3426.45917816233,-5000,-4884.93993835393
-5000,-4560.01742740096,964.359666454309,-3605.47101992416,-4152.45454528847,692.569672330724
-5000,-4547.39384234608,-410.884225856586,-2483.39752786214,-4066.21125355775,-4015.92273037563
-5000,-4519.66210305138,3025.31565018178,-1558.37167667412,-4567.34509022482,2994.96538491327
-5000,-4435.68841088378,396.827175517224,-2524.18638177167,-4309.12018384298,92.9776044016462
-5000,-4427.31798471068,-2547.29172280084,-2520.22920639355,-4593.9107173629,-2789.43457736672
-5000,-4266.16628897089,-3773.88172280203,-3485.9825070119,-1935.54048003478,-2931.73384790774
-5000,-4209.37005304343,1282.30863091672,-759.049103205538,-3308.26191366606,1520.79841217019
-5000,-4113.79464480424,-1483.19311457291,-4778.60000563849,-5000,-1494.68012704236
-5000,-4073.06844973178,4316.19087821228,-3052.51274483836,-4340.69143386373,3699.06174568995
-5000,-3998.61005755231,1241.72274558076,-646.677960123347,-4404.32707824943,2419.94434435375
-5000,-3934.96314704756,923.476102249517,-1497.00732366556,-3996.37334061972,1135.33399657542
-5000,-3809.67060242485,-2329.36103653559,-4270.0171209558,-3898.40520002173,-2002.07012722856
-5000,-3505.79987614971,2439.60639803962,-2576.92489156017,-3456.76012690378,1835.03092185925
-5000,-3160.9915908559,3668.52224946907,-4102.34949606856,-2841.41616101726,3433.53825557183
-5000,-2897.59141411251,288.901642274303,-4040.0246999422,-3964.39042857365,-34.9576720364012
-5000,-2779.71438908079,-3244.96239808851,-4573.14946376295,-2163.19389376176,-3710.10735315639
-5000,-2778.66251188592,2206.82508489744,-3419.62099703407,-3553.43041143183,2744.81331658726
-5000,-2691.57323766101,-1126.55329185837,-1842.85902237545,-2262.68910855129,-937.535580783762
-5000,-2602.2578268195,2880.14555663,-2957.09873840603,-4028.25170916487,4080.1097010496
-5000,-2564.86128944441,-1330.47391306341,-3403.74489856223,-4013.07197165803,-4024.44102447742
-5000,-2456.20339955356,-2657.38387812609,-3477.9024015447,-539.990915338504,269.997026244971
-5000,-2432.17457103533,-3042.63852110194,-3051.86907793065,-3726.31167480155,-220.009212959164
-5000,-2429.63780368038,1192.46496680503,-1136.48576879498,-3251.23992689051,-909.346550295275
-5000,-2285.37593637789,-1294.23920020719,-3064.99376678937,-3445.2491194506,-817.752309061515
-5000,-1980.646304769,3104.21465993047,-1296.39293705433,-544.587260835758,3821.61080121073
-5000,-1885.81724045037,4304.47317215295,-1952.21256355269,148.897971568059,3715.77168678109
-5000,-1832.60798588856,-4442.89166913915,-4193.73371013477,-2022.79385410491,-4369.53273436392
-5000,-1823.22140012199,290.683235674212,-3995.73616419977,-2209.34600138377,3386.92990346057
-5000,-1770.83504212766,2589.6427585874,-1386.52055894232,-3296.09996253492,2900.10227380758
-5000,-1730.49364760457,-1584.90290947253,-1780.69058860293,-1643.08063301096,-2771.82605077521
-5000,-1690.28799022273,1083.3790173988,-1037.62963183377,-1563.14982673259,981.243942181346
-5000,-1568.74135130602,-712.470563064057,-2354.47254035077,51.3673451435429,-675.743671616226
-5000,-1525.23346506892,2224.38202222794,-2413.6764685915,-2347.43049850611,-939.89490181865
-5000,-1332.26025692466,4449.60978106156,-4085.87573408055,-1200.84449151643,5000
-5000,-1194.62051862425,2791.97432075776,-4599.65698133606,-1583.8638820847,2730.79813773728
-5000,-1126.71993264818,4747.84309165573,-4262.20940972175,-903.476370917789,5000
-5000,-1113.88857078746,3782.59616936743,-3038.77279122151,-908.420118048348,4797.51561919305
-5000,-1099.7597181318,-3498.00726232382,-859.593581892434,-464.39271979464,-3300.67349476013
-5000,-1032.75823239689,-3930.21641597039,-3841.2940835211,-642.904872072403,-3919.37008726385
-5000,-1028.65263600888,0.015221859663427,-3464.03861965299,-1273.96671209501,-218.561818589242
-5000,-961.751027590173,3156.62516012837,-4188.73500491925,-770.048269359104,2601.05951025203
-5000,-731.749344336892,-1448.85070583919,-2327.24705257705,-763.909003116404,-1950.45099072288
-5000,-730.487962622236,1855.54491806651,-3941.26413545687,-1135.38813308892,1827.14762813308
-5000,-561.292731474646,2432.06024610751,-3516.89101459389,-899.92465203099,2440.27368559865
-5000,-514.068744165381,4019.84708744789,-3411.10095297855,-424.909542548987,5000
-5000,-476.615832602555,-1280.5382244246,-673.118996697684,-2802.85269639203,-2157.83239774665
-5000,-424.768298245947,2438.90343590154,-1347.73176400929,-169.264629335002,3420.55206799234
-5000,-283.275356566054,933.891906571597,-4379.75247074549,-1271.17341410157,934.480040778632
-5000,-281.724644649797,3536.49433861641,-463.63770658839,124.771338411342,4513.20773858641
-5000,-164.470951784556,-3645.76776975669,-2688.10956364959,-2232.55516649171,-2354.21718604344
-5000,-26.7677428770708,-3530.30197874937,-2660.91141296876,-61.3227277094073,-3300.85596774969
-5000,127.505239762082,-1252.26830164535,-2248.85280868866,1511.80528368367,-1705.40359744172
-5000,215.344816075578,-4722.96002279038,-4554.82293054323,156.107720828442,-5000
-5000,219.832056652714,1547.39993402217,-1243.59092220063,1068.96624807133,1309.39443422368
-5000,346.991808315544,-355.331480048224,-3168.03348944253,304.854789176287,-452.564454844165
-5000,365.573051258324,-447.706374220298,-1191.75117865526,518.842460481699,-1001.89852117701
-5000,598.350872167653,-242.484499556541,-3939.3627919814,3784.94787024668,-848.530426292623
-5000,749.662862224878,3843.64876445069,-1140.56253982493,30.9393602218937,3260.29982847812
-5000,1000.775202406,1139.47708819548,-2314.34446694224,992.637982139226,1146.10089740263
-5000,1003.09122308877,-3286.42572353727,-68.3151146029868,637.107139705193,-3979.21483066616
-5000,1026.01054918311,-4860.53209466251,-1712.1759605972,2828.3771307533,-3353.05775855939
-5000,1046.11706766861,1788.56189644159,-2378.37015958896,3020.94096491727,1117.71913924
-5000,1194.16708449381,2524.20597801391,-4278.74995388142,479.023569555252,2797.94365905574
-5000,1267.55444478739,-4446.96716704255,-1321.90725800691,3096.10853520288,-1973.78722751036
-5000,1627.86460746779,450.994674718855,-1426.58171239957,-365.593857143029,378.317336970383
-5000,1846.30617244491,-923.970593359659,-4303.035218537,1847.3209924815,-827.154160731464
-5000,2079.61755137113,2353.86167246439,-2619.29098444703,4561.01415799683,4115.29691397877
-5000,2103.41205632157,-2260.48027008985,-2625.59151327081,3326.08016801863,-1178.90185466049
-5000,2297.16565005442,-2351.88553803245,-2038.66394048171,1713.47815093003,-954.593023176349
-5000,2315.81765375918,4091.04323119117,-967.459659485311,312.620083606072,5000
-5000,2352.95881316785,-4333.08370987709,-4360.93868271287,2198.50476408577,-4544.80591895259
-5000,2627.09113694637,1730.26194557632,-2642.21389292369,3910.39189723333,4313.9614353286
-5000,2685.05139773563,-3256.3901885425,-2620.55874300038,2573.00278259517,-5000
-5000,2818.62465634076,378.700572215921,-685.553343817277,2637.72908546581,233.884409242303
-5000,3028.59273721468,3838.84536454666,-4106.5715338784,2850.17217161023,3962.38128470717
-5000,3254.23450499493,1899.31110932199,-2603.65870441669,1039.7209558079,944.056882182582
-5000,3411.9230946411,3287.08706342088,-4482.53829449633,3883.67840956613,2963.6904047954
-5000,3498.43532509654,-3572.39428580983,-4149.95874864043,5000,-4293.25167629091
-5000,3565.49103718811,-2132.46832683517,-4546.36479139988,4224.19290758382,-1992.40497257619
-5000,3661.40876230168,200.799658762158,-2587.39716625327,3249.44185661583,-601.851704214715
-5000,3806.1067662756,-3937.37836358058,-1042.20617861071,3853.29927026519,-4962.64609087465
-5000,4268.99144661317,2473.37106164901,-3946.69720504164,5000,3540.84755127942
-5000,4321.31901781948,-3598.00449626768,-2504.86390859264,2456.65557167601,-1802.23708289236
-5000,4516.05011482006,127.577383940598,-4467.32729598824,4063.70432695529,174.563232702057
-5000,4583.30546841803,-4734.57668717026,-4250.34906526807,4355.45710117692,-5000
-5000,4590.6972436687,-422.156804273222,-3023.20894546589,4221.01331886411,-899.307553840379
-5000,4726.03596082898,3929.70319677292,-3460.34701963225,4970.55812487301,4265.37900658388
-5000,4917.7334003533,2912.43041845257,-4364.3405761474,5000,3075.00067848884
-4995.91838936805,1956.76737973369,1769.17430952256,-4139.83987317681,148.224702947496,5000
-4902.46883794863,-94.4166207700482,672.934600297983,97.3763590855169,-82.0764201731013,710.294005322419
-4897.9224016491,-4362.03473939685,1312.21633831054,-3012.14751113252,238.568230852889,1839.76289779741
-4845.08073283386,1462.43827903822,-85.8584979188063,-257.976588278578,-503.036407640955,222.985836701638
-4833.38316603981,1700.44016001606,-4028.8396946924,-4383.69077915118,605.021236298684,-5000
-4801.86959698975,-3582.07213390288,-1984.64462751909,-2690.87373362849,-3968.24918667436,2531.38944551273
-4779.75109652657,-2344.06989304822,-3220.67869193697,183.472108314943,-1901.26852208205,-3633.40422397159
-4778.60000563849,5000,-1494.68012704236,-4462.99576928441,3736.72009258158,-1511.05478779547
-4745.53953435397,3309.54611875961,-4101.31881632114,-3133.25193614438,-375.504264302602,-1131.31336599743
-4741.19356786378,-378.567447110398,1578.804023168,169.012165270613,561.698729085063,1654.82491632829
-4737.93168805124,-5000,3732.66449817433,-3894.04947168852,-4160.76206070917,3732.52092145894
-4677.06527617311,1542.78684951119,-2987.78613940108,-232.43418966324,1953.7437089671,-734.706255221154
-4668.25542612177,2564.41390693882,1131.01493516207,-4242.63293207097,5000,-1891.82706138378
-4645.06298240691,-4013.03042006628,-4280.17502219044,-1825.07983650809,-4061.56376308928,-5000
-4642.45937836692,-4593.49833680742,3474.40935702149,-1330.03038400753,-3673.72855897134,-156.270705047679
-4628.93500514492,-4623.92424534162,-3379.01806989156,347.663690561501,-4719.99669224236,-3852.55318668825
-4571.84128933919,-731.76490888297,4020.15092057908,-918.340568478979,-4145.25624114645,4017.08379880479
-4565.75792650676,973.668456715803,-249.852342702499,-3598.81024182215,5000,2206.34902198435
-4554.82293054323,156.107720828442,5000,-3643.57413195483,34.8532008198337,4432.91700378619
-4537.55944532078,2428.70864022709,-631.52951422848,-418.27972558606,-214.860659395111,-1652.84041139802
-4531.87720662466,656.546568365086,-4461.362601052,-4275.03899601177,280.742455792943,-5000
-4518.7611476125,2882.08375528358,694.061209470425,-105.926251516752,2788.08677966835,3043.11479514591
-4464.31365797202,-3357.94869264603,1667.83281348784,-3780.03862899474,1578.01319683164,2077.76928459312
-4463.68735379139,-4886.22789661029,-2725.99859426592,-1902.45867861374,-608.74850625676,-3104.51905414699
-4437.424910375,-1542.88317408878,3661.64513403437,393.788811329587,-1730.25327255817,2387.17802131123
-4422.28950725118,715.442990850514,4148.53114128022,-528.062227498771,345.954062170818,1034.29418414043
-4410.28259747553,-1045.28868406092,-5000,-1643.83896399538,2545.40656668242,-3320.95510371989
-4403.60727755624,-4592.70038720672,-3723.58682101653,-1184.96159580262,-871.28701203014,-2833.97878014365
-4397.29493631101,1830.1361867125,-2506.42937971872,-327.237248089884,2386.60773512022,344.003890920108
-4383.69077915118,605.021236298684,5000,-3365.18508309814,-1875.98677250877,2800.42462008289
-4367.72812969583,2076.92333379447,1425.12626491372,423.899947702362,3460.13217657474,1068.7084410836
-4366.88748213927,-3819.61253713339,-2675.94087134222,-4310.41849023409,-5000,-4411.12283861205
-4364.3405761474,-5000,3075.00067848884,-785.813656439914,-4536.86953991139,3990.21097830275
-4326.70685705914,-3313.35506887951,-3148.29031733543,611.160511270979,-2743.99181004891,-3689.85410145916
-4325.93534522974,-1636.01576929022,687.287707327499,283.385320464921,194.607517827582,52.4795619306548
-4314.49442587369,3019.10780590509,406.19185737708,-4052.34173484081,5000,1355.7031235774
-4313.76832575146,-563.93752595661,-133.083517332063,-2857.92470190704,-2445.58479963247,4264.63439999503
-4310.41849023409,5000,-4411.12283861205,-4291.2543332253,4599.40615360099,-5000
-4291.2543332253,4599.40615360099,5000,-4232.39723628016,3369.09944914594,3191.43622332523
-4283.65344231607,782.214621001764,4731.05726019267,-441.016747520069,-925.388000762852,2025.83332899032
-4275.03899601177,280.742455792943,5000,-2710.87881632285,-2007.92723570653,1719.66578214666
-4262.20940972175,-903.476370917789,-5000,-1005.2872507959,82.0158712142527,-3886.8719212006
-4250.34906526807,4355.45710117692,5000,-1847.3691289889,3625.09710343992,4149.19482415013
-4242.63293207097,-5000,-1891.82706138378,-4123.31609818374,-4317.22024717717,-2739.23513170577
-4224.87904616298,1018.43605070981,1905.69831751946,751.900062945494,1373.51986922207,2230.63705170217
-4223.07600315043,-1771.37115843877,1892.94507460088,433.368702860982,-644.452482854297,3323.88078191874
-4210.6959543032,-1730.15353464306,-1888.43185450096,-3056.33359422777,999.467459856282,-5000
-4149.95874864043,-5000,-4293.25167629091,-3677.69359568689,-4165.76205010203,-4693.74497614987
-4139.83987317681,148.224702947496,-5000,-3869.57462378038,-422.734885853251,-3980.0235673731
-4102.31621428781,4431.47429291086,-2415.60705080457,894.504935331985,4605.85934665772,-2378.61716378044
-4085.87573408055,-1200.84449151643,-5000,-2821.0453594091,-1019.01073215131,-4238.45116819516
-4052.34173484081,-5000,1355.7031235774,-3722.00288186128,-2503.8758797584,2552.18316477757
-4012.39270998318,-1834.8453603863,3726.07429706474,344.762915275798,-943.423431913583,1441.21942142996
-3949.01857827991,-2074.5740788911,-4102.45285721345,-3353.52228170234,-2658.59118070843,-5000
-3946.69720504164,-5000,3540.84755127942,-2835.61847855312,-4228.89404980516,4666.87743018227
-3941.62191782659,-2541.21008300394,4386.14290663014,127.47594178968,-3896.30340931817,5000
-3936.74189396395,-815.010304383299,5000,19.8734899426172,1651.04826883585,3841.45871502447
-3935.66950286621,-221.024131726583,1238.27483308518,-924.248509871287,-1698.47073322929,4946.17115615808
-3927.63123837517,3971.44880669682,3989.56636951461,-2318.33342960861,5000,3077.37824990617
-3902.89572773884,-3088.9993237149,1630.40870061951,476.949011720593,-766.260515050205,980.91313870055
-3868.12247744941,1284.55208881491,2507.95188151583,-2994.47150044517,5000,1259.87007037014
-3831.21985516059,3507.15877538373,965.904437966886,-3543.18800486655,5000,1968.08629923084
-3786.81574078267,4843.24926450574,1101.85560042605,-1801.77961053379,1129.35410692689,-1593.81023942112
-3779.58706323983,2768.76779575297,-2930.32195471563,-2949.65479393071,601.473047834658,1498.4528085801
-3767.53791624575,756.658513759222,2570.50459685003,-1139.28564155133,-881.152943100944,5000
-3736.69743835885,-973.397803807633,2686.98807733915,-1053.83607794081,-4905.37937369601,4217.27427764092
-3655.86794161053,-2561.94305782553,5000,324.917711790812,-2983.52391990687,2664.20596181481
-3634.45936732771,1213.13905013493,4050.24673685265,-1090.27763432926,5000,4187.86395752528
-3628.8074308068,-4587.61306219392,4681.3589361279,346.901667158697,-3755.04279473817,1765.78627915242
-3558.93159825572,-5000,3336.89271681722,-3253.21910971766,-52.5884890382549,2701.62965415288
-3543.18800486655,-5000,1968.08629923084,-3040.34197400664,-2393.79765211381,3717.69548523551
-3496.54007033917,-4290.83309731229,1172.81001896321,-1606.50179312531,-5000,314.908956809084
-3496.37091092846,-696.631470477054,1531.62191440463,247.096691063384,2229.7953930502,3088.05248634269
-3482.77574037465,2116.61032978454,4198.39286257169,-2074.82170008288,2676.84055965415,5000
-3457.83167560648,-4229.12624197928,1555.86418738945,445.692382111427,-5000,1744.71416539256
-3453.7495830052,-2903.72992487522,4589.29175869421,-3183.76253826938,-2636.9787828253,5000
-3418.29014619929,5000,1434.77003819485,-2896.96682537518,1031.94875525788,3561.56028795574
-3411.10095297855,-424.909542548987,-5000,-2384.35372529927,-367.294829233286,-4366.62477861562
-3381.94352263597,-2014.29877013302,-4270.86180286394,1445.20194002736,-742.106703383865,-3987.67630254788
-3381.48967918435,2792.75267863163,3344.15385990426,1447.60182498836,1898.6392594994,2405.83811451012
-3365.54201309952,3426.34108505962,-2178.65524259573,1568.31768688051,4133.78797753554,-2574.315899269
-3353.52228170234,-2658.59118070843,5000,-1518.9539106123,-4457.79515448191,2234.89195620219
-3353.12058222035,3082.95543817606,2986.00711651426,-2430.32442495684,2492.59944991985,5000
-3330.97683930299,-192.554020631002,767.786431203294,-964.278987507449,-3933.94320669486,-1556.16456585125
-3286.85924593133,-2974.02552709837,3459.42089366925,-1003.25046987847,-2627.96721279353,-975.144992754681
-3252.76362536888,386.447498381996,875.664562809716,-2020.03735496558,-13.8691441656208,5000
-3193.28962195469,4956.52572546604,5000,-907.288935789322,4530.30275265791,3871.94801863882
-3183.76253826938,-2636.9787828253,-5000,-1039.80189382133,-518.714363967028,-1738.57570991348
-3132.55886825909,-2477.77804858886,-18.8121899238568,-733.401974794709,-529.811963343794,3911.76974298091
-3127.03672616569,2903.73641347257,467.769085676664,-3029.66894210302,-1619.45701440739,2596.44020367734
-3118.66362985694,3167.45706181989,926.242622903726,-1987.85122394199,5000,114.817859327749
-3115.7239937972,-814.320182024368,-801.001503680503,-1631.39949981614,3935.44525802039,-1287.32347637384
-3093.68097161333,504.855793962775,190.215289626727,1309.4637032721,159.848374049618,2533.99148462336
-3089.67308499266,-3525.67520974636,-3568.40727676765,-2843.90956049885,-3123.85811683023,-5000
-3084.82362850467,594.686233675939,1354.51266409409,288.152295570044,-2163.34240434362,3807.32970730712
-3056.33359422777,999.467459856282,5000,-2867.51449421549,1445.95168125994,4491.04066696909
-3048.36888233805,-2547.3639288818,2298.33794672485,499.538428499835,-2299.25638439847,5000
-2994.47150044517,-5000,1259.87007037014,-2780.31758623079,-4089.24990163884,953.933704301927
-2986.51011041048,-3997.31782735063,2302.07283132353,1942.1340348178,-4063.26347848573,3141.19026100985
-2986.31280160509,-4387.10103169164,-366.71570439906,1962.46839744592,-4564.87028875375,-1058.06419478782
-2969.40250126496,1406.65104185053,2094.97168441098,530.595838770839,114.225906157981,5000
-2968.73708555886,-835.022338979809,-4918.29134699381,166.542246581075,-3757.3536433087,-2343.41207658218
-2895.93436936923,1368.51452280352,-2002.05617326184,2103.42009067578,1354.80752479818,-1922.89114920624
-2843.90956049885,-3123.85811683023,5000,-2274.31421009608,-2192.58424977127,1682.06028334313
-2842.11048487333,-5000,471.198127263159,-1180.52502181864,-848.929626044734,1262.81558483149
-2834.85811065107,-2402.68161026534,3706.40903851621,-2792.29860490794,-5000,4736.14938638688
-2793.92468518926,-3116.18560171035,-513.773974660901,363.940369207,-5000,-986.77375054526
-2792.29860490794,5000,4736.14938638688,-2781.39357265528,4334.48849285431,5000
-2781.39357265528,4334.48849285431,-5000,-2758.70458362983,2949.8265375209,-4451.03292333984
-2746.01690991268,3619.88483228078,3319.02036967736,-2152.91734216583,5000,4032.0536847076
-2735.73864867041,4334.7976314327,-1158.0041120667,-2304.00169128125,318.681575067157,-4104.93726730237
-2732.62655978701,3173.87799493308,-1253.96384006569,6.86960683836378,-247.520179918855,-3660.03850269874
-2713.51983737423,2768.20364613302,-4216.7934866811,-1913.90102083919,5000,-528.991986408167
-2705.11635183855,2724.75473679113,209.559653063315,358.693964527135,3894.63999047646,3983.7396750735
-2677.92026474569,-2636.29494613645,-4264.98243282158,272.65986457879,-1223.98345351364,-483.520658819213
-2639.76796077274,-2885.06730731208,2684.63195984258,1355.18881554025,-2713.12865382102,5000
-2629.90751246813,-2843.64608887052,-2734.93360670101,-2189.80705200214,-5000,-4650.91555074587
-2620.55874300038,2573.00278259517,5000,-1704.90018548046,2529.88414160758,4329.02262657665
-2558.61843911067,-2372.71621498393,3461.18778183696,-1723.79412288732,-10.9155985317666,5000
-2558.22695403246,2942.37905225634,-2002.4004020602,2339.82657173754,2979.80168390297,-998.572127237908
-2556.99566448664,4442.37920643136,-3160.32796331038,602.993942573618,5000,-1324.39072059552
-2520.59504579702,2704.46472649792,2786.33384317137,-921.723081166874,5000,2627.22017736635
-2514.9777610282,-1076.90801464736,-2360.48997091467,2219.74083863324,-2656.87033186128,-2066.96167891529
-2470.45984035823,-3863.37174097604,-4506.98479799321,-2170.23239774886,-4096.64564367117,-5000
-2446.27314653107,1373.72966518059,-2438.82758059225,2551.99180759701,1375.05774147409,-2570.53059706634
-2438.33403198682,1949.28385329019,-4240.40876203936,-2033.28362992771,5000,-1495.90193092838
-2430.32442495684,2492.59944991985,-5000,-1340.60998055355,1795.45800358949,-2621.70971477817
-2429.25437488962,-1243.579648126,2720.59759159582,-1707.4938831343,2671.09221648456,5000
-2414.47353666484,-849.026396101761,-3329.22657332843,1356.42189347572,-3862.29170084743,-2025.16374579248
-2406.55684813261,1553.72190916102,2981.06732438274,2590.26838778432,1411.12145989842,3087.85062632555
-2404.00490826933,117.226869004377,-4832.9411747539,676.714848596792,2426.64187272604,-1642.9931939492
-2395.64019653782,-119.973703180315,2506.29549538455,1357.798453951,-2985.68846615203,4149.27364323153
-2392.33093833262,-2788.67312895647,-153.262345847898,-650.511828604231,-5000,1002.08725958384
-2357.32332415099,-3978.94082377783,-3712.33910970985,2596.33596851486,-3342.34894670237,-3475.67395759219
-2345.28127734759,-3451.81618422104,2481.30622919476,-1994.91457542075,-5000,4210.28056631406
-2318.33342960861,-5000,3077.37824990617,-125.956377071757,-3598.78512151482,1834.68700274722
-2274.23620732417,1886.7944044507,3789.67674392776,2714.709817092,2185.72391823163,3644.56054478786
-2273.23100033529,-997.119451403975,3158.27000080394,2708.44274581757,-1382.38882162524,3343.99614129194
-2254.24596254165,2436.54255627196,2425.05814136151,411.500150875135,3403.29212507181,5000
-2253.4458059737,1535.25248123995,-3228.86436047797,-2166.88121009537,1396.09493378098,-5000
-2189.80705200214,5000,-4650.91555074587,-2109.62246188334,4607.12071436619,-5000
-2188.50524220757,2097.4606904741,-4434.40067871513,883.230792207638,4540.63601007918,-1336.76737366629
-2170.23239774886,-4096.64564367117,5000,-1007.60012282569,-5000,3090.79616140672
-2166.88121009537,1396.09493378098,5000,-2010.10934232631,1144.07517434065,1792.40410628723
-2152.91734216583,-5000,4032.0536847076,-1347.78169267974,-3126.4867109101,5000
-2109.62246188334,4607.12071436619,5000,-1875.78605505326,3461.395827147,3981.9907643987
-2108.23336608646,-3665.72367124177,389.165966663762,2878.66509324681,-4025.37325495226,350.488670528782
-2074.82170008288,2676.84055965415,-5000,623.763177438724,3750.61767381568,-3463.58273290715
-2071.1049254666,4244.89005528479,-2447.3561755707,2802.62036856449,4053.76307960668,-3547.47991292472
-2033.28362992771,-5000,-1495.90193092838,-1947.18525291025,-4351.53327181657,-912.523707698063
-2033.25644272164,-4865.30820637923,2322.528469226,-1547.66880763091,-4682.87130466361,-2650.49087776426
-2020.03735496558,-13.8691441656208,-5000,-1827.05136089992,-76.5395901988716,-4354.32626584164
-1994.91457542075,5000,4210.28056631406,-1834.8824757604,4292.85772495863,5000
-1993.0511691762,-583.626826635024,-4381.51774328181,2970.46485508624,-232.395679875713,-4871.56402521457
-1987.85122394199,-5000,114.817859327749,-661.620361661812,-2850.77083665206,-836.831201333332
-1979.2166521355,-3031.76700765613,1464.07268224517,1593.33253453891,-116.438784863866,-469.254414286326
-1976.3601228957,-636.977474317082,-2204.53441950196,2104.54289273436,-3328.89966613609,-1155.82783984592
-1967.20584138617,735.587853598221,-1791.44236131533,-193.372875396314,5000,-35.5187824782665
-1959.7032688218,-3760.91767555766,4797.89980168489,3039.74010150104,-3753.46937823196,4872.13260980926
-1921.17214367799,4023.54136107669,-4239.69943339324,1971.10566789727,4380.81451405255,-5000
-1913.90102083919,-5000,-528.991986408167,-1801.5631203054,-4686.45645696683,-10.8952763767429
-1913.65157229474,658.792262492777,-2053.58803643263,2896.3161635127,1004.33478139584,-732.67518990504
-1903.57591142826,4616.10307835296,-3945.18109835403,-1592.7428138185,5000,-3331.87517089938
-1838.89283938742,45.9084458449079,-3327.47236662416,875.431190135028,3155.76205410684,-505.902662020478
-1834.8824757604,4292.85772495863,-5000,-1598.90617389863,3250.13680016581,-3835.51442576151
-1827.4342002489,-1648.39626907614,-1547.27202047728,1900.74434373872,-1068.43932429652,1733.63253259223
-1825.07983650809,-4061.56376308928,5000,198.922395809066,-4096.39787008146,4483.35600371121
-1824.9495825332,-4478.62663682293,2381.53247841767,-1760.73036069822,-23.933804265962,111.821558694086
-1804.43496642929,-125.481945182031,-2904.76845004073,2961.94331755027,-1166.95184877341,-3998.83357329502
-1768.36631086668,3611.11350022682,1302.35594993159,2600.5213962355,4559.00000040452,-936.914329760507
-1760.28009020591,-100.847387880996,-2161.86617951344,2430.10000398021,2622.9702440665,-2015.127724633
-1723.79412288732,-10.9155985317666,-5000,-1138.79801143588,1644.09630013757,-3921.69029293283
-1714.324078827,2687.77286668013,-322.869727028028,-62.3824690924421,322.61173875842,-4406.63046401982
-1696.85726928882,4633.57939662882,4469.7931162593,3269.10056783173,4054.68853600402,4405.38712720526
-1688.02675109733,3264.63107973665,-3397.74222253306,3024.24235084434,4009.94075078403,-1901.40221934895
-1687.9610282177,5000,1177.15310769089,3183.78868966805,4086.64282368784,1093.21147565664
-1678.84298934076,-3136.82305666654,1160.98133744767,2697.56123343217,-5000,243.579738289891
-1668.94292631907,-2095.64445248237,2000.7498810709,-352.052958113104,-4831.42805953957,5000
-1638.21381065445,-2001.95466930316,1739.68347518704,2612.1045022839,-4424.66491892332,707.564642355113
-1630.79438494195,-1627.7545400243,-2431.43756672781,-949.22480432159,-5000,-4331.0400569523
-1606.50179312531,5000,314.908956809084,811.85833628492,4092.59987840804,-782.800940765375
-1592.7428138185,-5000,-3331.87517089938,69.996252154885,-2946.42071955013,-51.1186079282602
-1574.65981391307,298.460551002785,2855.46447150688,232.462995940462,202.716371570795,-1805.55904293842
-1561.9368141303,4624.04884276696,3593.21278741863,3426.54560476326,4962.26087065698,3618.8210005628
-1548.58886727104,-98.2144255899202,-4227.9844913351,-768.385068247016,4808.10762137702,-4793.03847409661
-1538.64137353927,-650.382714172144,2840.70790805912,356.774037270775,-732.512169948754,5000
-1489.57061795279,4386.19018971233,1992.54195980958,1540.97012933524,550.103182441659,943.609525533649
-1465.67232088247,-2716.32934866515,2555.56071368742,559.91870832304,-5000,-209.547977391733
-1462.5326550549,-2061.1894796973,4271.08530302224,3482.02142277178,-1913.35280985366,4998.77293552472
-1410.4247519827,-1801.71988954496,2327.68588257511,-777.434329676149,-5000,2312.15287707315
-1370.47673295522,544.724842807719,-2522.27527979119,3254.3599382504,1055.73116491742,-692.040785679673
-1347.78169267974,-3126.4867109101,-5000,-962.579873953287,-2230.1399563896,-4536.90451873769
-1289.85348481225,-922.684354973808,2795.09947323115,2697.27621127285,-1616.50014374302,-141.125388364235
-1287.5492143397,510.037087201225,-3113.48050250706,1991.96950774375,3481.76950960515,-786.773954371387
-1195.86508286475,1713.51827928881,-2864.80604719042,3280.3796441118,-513.312515087985,-2931.57248658817
-1191.06447425374,4854.01252903279,3310.70161072481,3250.65348246953,2564.3602456412,3141.48573061371
-1172.37821295477,3442.62672615013,-67.954334003678,3798.65040662973,3948.14092733008,-250.518995636845
-1164.21722372438,4444.28286971334,3053.98346259342,726.959080512002,2620.85584286194,-1200.2574878045
-1139.28564155133,-881.152943100944,-5000,-428.855427418372,-1323.86186994544,-4343.29479855752
-1122.31996570061,-2622.92397988768,-1872.3566919596,2775.91924704288,-149.022610723488,-3791.61255188984
-1115.62918680786,-2644.33441256991,-4686.32069539784,-859.66131957779,-2117.32262155939,-5000
-1061.35395684506,-3390.18109115154,-2144.22934907679,3325.6147854483,-4782.55634713434,-4097.63570738216
-1042.35387041865,-3835.56683670731,1322.40942771576,297.191363687103,-3081.76415771512,-3435.46825954447
-1029.0689812948,-5000,-2318.12850182297,2558.25111562526,-2482.78222076087,-4391.09020975249
-1021.46911361414,4270.80141946141,-2415.39333624588,3776.25490871123,3333.24044315314,-3465.54743032255
-1007.60012282569,5000,3090.79616140672,-59.3396500873241,4263.21052024876,1533.62062655584
-1001.0229248571,-1870.25182089103,120.667151387046,3968.80440840674,-1600.3748282402,-356.80817402925
-950.257296144078,1499.49936863303,2966.68000651468,2461.7418969606,-459.051505773072,-119.148890008285
-949.22480432159,5000,-4331.0400569523,-763.662178220516,4081.87991189255,-4848.22162822102
-943.883047879913,-1796.63283259212,-2999.87574297452,778.809805718535,-5000,-3395.28955843804
-939.621197616654,-3684.98516091987,-605.647591962363,-885.05274629301,-5000,-1223.84486893666
-924.116992474872,-1871.61122667849,-1439.10685171816,3252.41366437023,163.48285637705,408.860611616995
-921.723081166874,-5000,2627.22017736635,332.497919081818,-3199.28761618887,2502.4048666386
-910.643496863629,-450.056741007482,-1105.08540016829,4080.52349906419,-697.387397598801,-940.526702218454
-908.524734493589,3603.37968043794,1710.26256478597,3956.85337702761,3624.65202077418,2862.4966206388
-885.05274629301,5000,-1223.84486893666,-751.984807019842,1793.26954484759,-2731.35031788847
-859.66131957779,-2117.32262155939,5000,810.181279259444,1320.71336413673,2953.66867385928
-816.786552340955,1153.60241984912,3248.23555409033,3846.87436003794,1929.17934483832,4875.73281300462
-777.434329676149,5000,2312.15287707315,-439.686213597374,3293.47641933945,2303.86484749095
-775.312506684465,1207.43249816536,3820.471398528,1531.21178765571,3207.76701415233,5000
-720.662959498911,1395.74107118604,-3368.76689505706,4131.43149099703,2501.62059165755,-3852.71929939884
-704.26011590517,1397.35574361483,-2062.10024317056,4274.26865519084,1541.76761242385,-2501.86891817634
-658.666884309651,-2631.64145942732,2307.07644646147,-238.999264181734,-5000,-1839.3001927787
-650.511828604231,5000,1002.08725958384,469.851244695014,3577.64278995776,1745.22472285259
-628.303131437458,3941.83493952219,-2970.13746682894,3448.15566079556,3483.4251532117,-111.406247731752
-611.897627660977,-1832.7227813926,3058.5871537184,-9.33664821784089,-164.572020328917,5000
-600.293524099337,2058.66606159803,544.869717003619,3535.89127867356,-549.669822608702,-498.470684049675
-541.389696544848,-4477.10912074193,229.79011253271,4409.93296649692,-4134.97285589825,-376.301186470811
-533.710007971979,-580.055111920089,-1355.23468988366,2552.91086491322,-2685.61035636179,1967.3258738493
-514.141679471809,3603.84491387508,-1790.11529514643,1578.72833284756,4676.42747672536,-5000
-503.316277716019,-2536.20202748796,434.485855444772,4367.71549417358,-3230.90696665853,-454.577991944181
-465.372955518574,308.12634250627,-2814.46533546512,4220.95132692436,-730.463145720607,-1414.57369868376
-436.455355049266,-1018.12076494026,319.488721381171,3381.58948285985,-2131.10870961898,-2710.98837813888
-425.685083763202,-2747.83684877655,-2647.37640701039,3242.9911355031,-5000,-106.040357091689
-418.74576243275,632.329806281322,-4816.96976636464,3867.1642306188,-1594.10859772961,-3523.15851096216
-414.147359128009,-213.361934866363,-3902.442133719,4392.53058126761,734.006471408728,-4901.61192915214
-403.88275820486,-1325.2405856818,-4191.238712224,631.091769525115,-1223.82665823466,699.420030958747
-397.875958023511,2315.67886379874,-4449.70523441582,828.086612497854,2054.78407850822,390.640795228022
-392.074020409426,-1116.11102244978,-1281.25884910726,1917.79921275,-5000,-2038.3165604007
-381.467276296109,172.279256578303,-1186.26355630822,3962.00297077972,-2303.12253986502,-1267.8243246482
-371.3647187537,-1299.16849353423,-4433.05606033993,-329.180988389027,-29.0710892014554,-5000
-368.865902150036,-3149.50771607562,-931.872482803781,3294.3013204958,-3316.50174300868,2467.14485959121
-330.447858179871,2793.11421678497,-3911.93531027542,2749.70994887475,4109.09927983667,-5000
-329.180988389027,-29.0710892014554,5000,-219.791386921234,3264.5079206244,3529.81775016435
-282.135790835826,-1268.68413518342,1519.21346714945,4085.23625867751,983.672379599244,595.659726728388
-270.578233818549,261.710661713484,2529.95981221472,920.427495625266,-1402.39506345766,-2032.0855062674
-203.022377696583,-4050.4016749952,4380.48543607846,4788.13732617284,-3885.56832088296,4133.19051934494
-185.834471623048,-1015.99448022286,3503.63552234271,2622.38106001486,226.556192561225,-442.247566831559
-155.293961348396,2767.08119774224,421.095504509658,4270.51116369474,4550.77926535305,-1072.44733007642
-86.1455555047714,2126.88721944666,-4115.80358825911,878.232853230145,3262.75545695612,657.012942028117
-81.7282437599506,-3707.73601417115,-1895.37735052434,458.134127585559,-5000,-1619.36362320694
-63.0604605725512,-2575.97595484392,2693.87582587505,4526.91315842301,-3415.55032132768,897.419018693707
-38.4408876811713,-4330.4626423527,-3595.37063258734,4911.22760106878,-4967.03507292936,-3286.24704548102
-9.33664821784089,-164.572020328917,-5000,533.822001779335,1339.12726701702,-3249.97765097897
-2.83675374090944,1276.58331143327,-4501.5357393613,276.483792974385,678.423357603801,-5000
92.0145236920653,2387.73542071801,1936.39342771548,3128.88296811596,-405.599433226992,4760.34640979547
106.998054848587,-132.056937913214,-3311.95882972781,1456.99076751935,1058.32567570105,1352.85723405656
127.47594178968,-3896.30340931817,-5000,754.381618800539,-4105.07590102375,-4905.42608952068
156.891365494355,4807.07204571865,4591.63849545779,1092.30143225638,5000,3939.49912249388
211.148240821421,1136.46844059657,-2525.87633098532,5000,2320.05109684332,-2747.10737505857
231.672702700437,3630.53732214301,-763.977686007768,1610.86558347968,5000,-1215.93292663453
254.41793273461,-4059.37458782871,2455.57122246777,1528.4648257635,769.288514533416,2208.95987185719
276.483792974385,678.423357603801,5000,1685.48554287638,-2338.92868318992,2485.5519088633
356.774037270775,-732.512169948754,-5000,1758.47884087487,-793.248857021623,-3403.15211093259
363.940369207,5000,-986.77375054526,1464.97649824839,4343.18038383631,-1151.6920840732
383.107705224529,-3933.65443276843,3435.6812403306,3773.68094695761,-310.867463698459,2819.70423655496
406.992942192289,-3542.14741296542,4705.67555745157,3186.65675752132,-1440.87990592643,1119.85013816348
411.500150875135,3403.29212507181,-5000,1225.57553846407,3698.52167673884,-4213.65475090074
423.332418198398,4343.36116556851,-201.674718098,550.791036340347,5000,391.862656336074
445.692382111427,5000,1744.71416539256,1441.91732220165,4803.26401168633,1792.91088590468
458.134127585559,5000,-1619.36362320694,1809.28949784527,1765.75083406136,-928.562689997217
492.402131071251,4580.44511070799,3968.11088999173,5000,4483.35151399071,3971.52688544928
494.068620001137,942.193442097078,2484.59737919321,3857.25553069977,4186.36553741314,705.743472972127
496.859678960925,712.458250662728,-4286.60260672017,1272.65192829093,540.164539797207,-5000
499.538428499835,-2299.25638439847,-5000,923.460774613493,-2269.61120961485,-4677.19142139591
532.308645355847,1283.98753616482,3280.54272597601,5000,759.66972671406,3068.92103077088
550.791036340347,-5000,391.862656336074,1135.97832618508,-1985.24348114437,3116.90810740019
559.91870832304,5000,-209.547977391733,993.322869022494,4511.37601436557,-801.18251477906
565.209734297242,633.01202140712,3085.50967980725,3522.52757176336,970.653529289325,-931.985736538582
602.993942573618,-5000,-1324.39072059552,1716.83020877823,-4803.449270441,-677.257743055791
622.398518405673,2145.01866127435,2978.00711759627,1861.07804864094,1944.07693344368,-1861.96141984202
668.604709862218,-1843.80610746591,1098.49883344741,3594.72932523208,-130.067116783526,-2575.85735602872
744.523834814451,1840.10995910313,-1515.10522800037,5000,1846.30617244491,-923.970593359659
757.860120215932,-4541.93098739454,-1391.3961700317,1544.6530312542,-5000,-1435.58005570366
778.809805718535,5000,-3395.28955843804,1410.40281713073,3825.54553372884,-3540.2606146196
795.178926303391,-2265.60079922479,-2290.95730866955,4375.56717019288,665.520410398012,-4185.51490281054
806.518284429546,2527.15196887878,4996.79605034444,3154.80381442403,5000,1997.30705817215
865.062607610237,4615.61376860144,1397.25611195393,3959.30677832254,2720.58144630926,4837.38772418635
944.769247035697,3429.39133366972,-1769.06720844637,3992.39449337547,-471.284012373614,-1064.28908545856
958.792037666284,-879.348926666641,-4810.58496730686,5000,-1832.60798588856,-4442.89166913915
985.100630922984,-5000,-3648.34148671792,2409.08897076284,-317.933048138722,-4559.73963121102
1001.72112666501,-3492.79544373779,3262.43978050237,1120.54013397706,-5000,3344.99595943283
1002.39598117343,-4014.10029880713,1094.16799460625,3499.80247603267,-619.434814750036,3784.74545135904
1005.10802619205,196.204502359582,-1972.62336370054,3062.99599368352,-1826.00529473745,2110.97365973096
1012.94925318949,3316.58486137686,-3012.16634408452,5000,2352.95881316785,-4333.08370987709
1023.47987152438,-4386.14471858764,3623.31623564462,2842.29276522477,-3797.61979296937,-996.809094867012
1034.7078292861,3820.47445882237,3290.55746507901,5000,3028.59273721468,3838.84536454666
1051.01118043376,3708.3829333319,632.90013712865,5000,829.687579326896,1046.14265670484
1071.59727602405,-5000,3930.03764552231,3424.32782395823,-1008.00338776219,2300.59278565999
1092.30143225638,-5000,3939.49912249388,4201.02333156298,-4358.82734452606,1772.19301561112
1120.54013397706,5000,3344.99595943283,1394.08758069982,1530.08413904969,3535.05841213711
1195.37898799255,-3347.19192764941,-4035.17894862004,5000,-3809.67060242485,-2329.36103653559
1264.70298217998,-1415.80394084898,4551.81403118693,3397.58477766525,3061.02806532083,3912.4468166528
1272.65192829093,540.164539797207,5000,4129.0837843784,-94.2130848114791,2373.30317237102
1279.67638853253,1669.55766104041,378.06144762305,2104.52326539026,1595.9501344617,5000
1292.77038055592,2549.40480193222,-3104.88593942965,2666.86445734986,1273.81108064308,1530.27599154186
1324.27827172855,-4469.59705159468,4630.74058319824,5000,-3160.9915908559,3668.52224946907
1325.22768636215,-2584.48341698145,-4372.3883568322,1972.03530513979,-2440.35333038349,-5000
1351.85435908598,4559.32913990164,2603.46126235044,1755.97322242223,5000,2696.22245912123
1388.23379378314,-2412.71707588015,-4610.4379747046,1472.63083146869,-3691.5600927685,-5000
1390.07309007338,650.083027888496,1952.36995680637,5000,-730.487962622236,1855.54491806651
1419.93383280489,-2237.29236449688,-3963.72843475643,5000,-1032.75823239689,-3930.21641597039
1458.74307874793,-3341.53860868994,-785.100297677509,4570.36314986726,-2238.73326115861,2970.11486239836
1458.90090187067,4790.72702281352,1077.24372965009,4937.82698629505,2307.04390686284,3671.15804563146
1468.51011214792,-1375.25243452281,-3332.68098216493,2389.1003916357,-594.534061345262,-5000
1472.63083146869,-3691.5600927685,5000,1558.98111113677,-5000,4601.42214993779
1531.21178765571,3207.76701415233,-5000,2748.22555484774,4263.22290114178,-4377.63389255832
1540.90076270817,-4926.41172089898,-254.469495786169,4418.33125602811,-4548.88207826306,-4326.06195145309
1544.6530312542,5000,-1435.58005570366,5000,2988.30498854649,-1629.62178292579
1549.12759581782,-1814.93600226961,-2644.84019768204,5000,-3765.34358350932,-400.656273830713
1558.98111113677,5000,4601.42214993779,1703.26033903739,2813.78010244596,3935.45436516269
1574.93897247575,350.248784313318,-991.22432516025,5000,2441.81260448057,-3320.0383721327
1578.72833284756,4676.42747672536,5000,2115.63177548291,4951.58707436648,4176.53837154056
1592.19789573657,4805.87854954328,-5000,3251.13420872606,2320.90203147463,-1612.30174457247
1608.62745335126,213.044832449734,2413.27886626429,5000,-561.292731474646,2432.06024610751
1610.76934659088,-3979.80019859528,2246.94024709132,2205.66157082781,-5000,2709.39855694187
1610.86558347968,-5000,-1215.93292663453,3687.49791492891,-2938.01830535544,-1896.43590640861
1646.5781058286,-493.065215503701,477.228413794834,5000,-1028.65263600888,0.015221859663427
1677.12793584843,4468.84512425212,1611.97860567496,3494.54286652056,5000,1257.76926303324
1684.62979850263,-1948.62767798309,-5000,2222.6813460659,1039.34020203186,-1497.91463122529
1712.18261113632,4203.87659559688,3212.89182525608,5000,4726.03596082898,3929.70319677292
1714.24096612677,-4509.69307651047,4366.8980464371,1956.60636853448,-5000,4224.96559863317
1730.0577830437,-2707.11417112629,-160.856788314695,4430.11098840597,-5000,77.3087692586194
1755.97322242223,-5000,2696.22245912123,4691.30334014602,-1799.17330022355,3369.99633938397
1762.12901542166,-1726.8632933773,-4626.03536550674,2308.21104448534,-1597.823544557,-5000
1828.82464848207,-2792.90530448755,-2844.97552689135,2644.768876885,-1443.52713778499,-5000
1836.78620348649,1880.8920296112,3275.3431747825,5000,-1194.62051862425,2791.97432075776
1840.31077324359,419.667746797315,-187.628642044528,5000,346.991808315544,-355.331480048224
1906.75071034775,2762.6565602304,-704.023328117305,3839.79242642769,347.126966157744,3223.89806927011
1926.06627797377,-1140.09737839039,1970.71161337905,4116.20353736329,-1155.42203826977,5000
1956.60636853448,5000,4224.96559863317,3858.8603322988,1151.72677534199,3110.98002668423
1971.10566789727,4380.81451405255,5000,2966.29088949712,4472.16281423261,4805.60486057525
1972.03530513979,-2440.35333038349,5000,4868.58396922644,-1794.90668184374,2189.41519269911
2138.15182996952,596.154126038026,-2941.99149094277,5000,215.344816075578,-4722.96002279038
2157.93527938752,-370.819460230364,-4072.21494380238,2737.94407125331,-5000,-4595.26398895854
2185.9855598441,1984.51628984381,781.369893030972,2651.80374283138,-684.01134952795,4983.98499059908
2194.75309856935,-4884.68753096991,254.963652473301,2811.35728923145,-5000,106.129939832887
2205.66157082781,5000,2709.39855694187,3956.0133451513,1998.26546759159,4070.08993971435
2221.45452106537,-3691.24174937831,-4803.33026035023,2842.08931410852,-3776.52915494674,-5000
2259.19601857106,913.209022363478,5000,5000,3411.9230946411,3287.08706342088
2265.94857369379,4187.52171902625,-4180.4968656364,2599.84808578285,5000,-3453.82469485497
2286.94509947694,-1448.6095039137,1283.25446944978,5000,-2778.66251188592,2206.82508489744
2293.03898663167,3878.20935848705,1496.82686801208,5000,1194.16708449381,2524.20597801391
2308.21104448534,-1597.823544557,5000,5000,-961.751027590173,3156.62516012837
2349.51422773966,-4782.75116116942,-981.078798114355,3998.01639248422,-273.129505281531,-2375.98135154935
2363.50922572959,12.1807173140578,-3788.92078205071,5000,-26.7677428770708,-3530.30197874937
2389.1003916357,-594.534061345262,5000,3704.70262669962,521.179258242847,2617.25854019564
2402.44476182982,-5000,-4654.9069888606,4965.34937834571,-3900.14640279146,-1609.38371949568
2514.52562627348,-4260.34208156521,-2304.59192919242,5000,-4427.31798471068,-2547.29172280084
2517.46943394691,2406.25814863304,-1448.34301043423,3077.34290090167,431.497648713124,-5000
2519.42483136072,-4562.5000572955,701.261118186283,5000,-4435.68841088378,396.827175517224
2528.21606695881,1586.81745681389,2610.70769417941,4792.02545696911,1625.81941817716,-1847.27905913323
2539.69140013146,-1371.64340868335,2509.40607726431,5000,-1113.88857078746,3782.59616936743
2560.67445445603,2313.47317171019,3733.12410882793,5000,4739.37397209142,3732.70908604063
2572.73603125943,-3554.92440223894,3045.22702639135,5000,-3505.79987614971,2439.60639803962
2599.84808578285,-5000,-3453.82469485497,3730.38502585634,-2249.06243827263,-993.414593468929
2644.768876885,-1443.52713778499,5000,3356.61541786031,-266.301848361813,3119.91228873309
2660.20225997244,167.983263353894,-2854.89884709205,5000,3565.49103718811,-2132.46832683517
2667.11551655743,-4578.02059768206,4020.77382847998,4636.58461882365,-451.557482808567,1997.53543006836
2685.69369049022,1007.78727821895,1133.7691620477,5000,1000.775202406,1139.47708819548
2697.46785066112,-338.839092535151,1065.68879817128,5000,-2897.59141411251,288.901642274303
2729.34719896387,4049.13681900675,956.225516721766,5000,3661.40876230168,200.799658762158
2739.00510336012,-930.100019087671,-1850.99938562975,5000,-2285.37593637789,-1294.23920020719
2749.70994887475,4109.09927983667,5000,4042.54040666104,4661.45590507464,4543.30808385988
2758.88857697661,-704.7833732692,-1028.25735121264,5000,-731.749344336892,-1448.85070583919
2788.07639586735,-851.58184383468,-2831.56760893294,3618.82653707032,-5000,-3859.51850674994
2791.90602670714,2133.65164203677,1194.55740686684,3693.01715076149,892.951182923789,-3564.50354177233
2811.35728923145,5000,106.129939832887,5000,4590.6972436687,-422.156804273222
2842.08931410852,-3776.52915494674,5000,5000,-4073.06844973178,4316.19087821228
2927.57745307206,-1630.19458096303,3201.81323756936,5000,-1332.26025692466,4449.60978106156
2961.59336833087,2963.39287976499,931.959038464292,5000,-283.275356566054,933.891906571597
2974.91581199981,-3209.11843150307,-2619.21472521137,3585.07779964407,-5000,-2721.12122547492
3008.20482287106,4343.44127097059,-1074.47554257819,3462.77599720371,5000,-1569.82806180915
3077.34290090167,431.497648713124,5000,3199.88876507242,-0.740609172570657,4222.60849868138
3130.05601284577,5000,-3802.87634223128,3997.23654816611,1327.56862115095,-1116.33523242271
3211.34287959151,-2934.55467460003,-1233.640012785,5000,-2691.57323766101,-1126.55329185837
3254.19399524487,1204.43391370058,-3055.72089647054,5000,2103.41205632157,-2260.48027008985
3332.26597756176,-711.651708220177,-977.579563814859,5000,127.505239762082,-1252.26830164535
3349.07042751365,-1449.86954706891,1910.41866420061,5000,-2602.2578268195,2880.14555663
3365.03372627464,-605.81295403721,3011.27643085366,5000,-514.068744165381,4019.84708744789
3381.85542786493,-2559.68555181577,-734.934673134409,5000,-1568.74135130602,-712.470563064057
3389.22068789153,2270.03689230683,645.133714541248,4142.41065939442,889.314218774148,5000
3396.69722447229,2466.46467800159,3432.60710269445,3582.15960574464,-547.671098362899,-552.438596764017
3442.30249221077,-4498.08055405593,3039.05232600151,5000,-4519.66210305138,3025.31565018178
3462.77599720371,-5000,-1569.82806180915,5000,-2779.71438908079,-3244.96239808851
3465.18583464852,2343.86674548717,4333.74941344652,3771.44232067619,1502.87741477568,-585.492795511629
3494.54286652056,-5000,1257.76926303324,5000,-4560.01742740096,964.359666454309
3509.60898672962,2590.92582646438,-3055.11953957641,5000,2297.16565005442,-2351.88553803245
3512.87592410012,-3908.89270220084,833.536155343552,5000,-3934.96314704756,923.476102249517
3529.52302702487,-1770.42110056799,-1042.75460219955,5000,-1730.49364760457,-1584.90290947253
3577.94567223215,-517.485852962534,3925.85781203698,3594.70813274764,-679.216648260341,5000
3585.07779964407,5000,-2721.12122547492,4585.08530857369,2064.88596083319,-2888.13796453094
3594.70813274764,-679.216648260341,-5000,3655.09398305125,-1261.8430225512,-1130.46131818393
3618.82653707032,5000,-3859.51850674994,3742.11239753227,4384.36206438889,-4012.0695623134
3629.0204802409,5000,-4249.16419837464,5000,4583.30546841803,-4734.57668717026
3708.81963961953,73.4954595251484,2118.95903323431,5000,1046.11706766861,1788.56189644159
3834.62293655403,-506.295200470953,2125.67594923218,5000,-424.768298245947,2438.90343590154
3864.28520273758,319.864290043192,-282.432451387936,5000,365.573051258324,-447.706374220298
3871.62491870093,844.90849683124,-4276.14084971973,5000,-164.470951784556,-3645.76776975669
3872.16250000045,4296.49481642619,2348.90129974546,5000,3254.23450499493,1899.31110932199
3888.74551072484,-31.3664051409514,1617.80884706797,5000,219.832056652714,1547.39993402217
3907.247749323,4051.68894718334,-4381.70758343813,4523.28809233018,5000,-4039.04505271087
3941.97856997146,-2592.1566237605,4508.83742012003,5000,-1885.81724045037,4304.47317215295
3965.33559940482,-4944.15626562438,-316.987420275041,5000,-4866.08250706701,-1349.01698940725
3966.59987515512,-1723.44607031509,1110.01620415164,5000,-1690.28799022273,1083.3790173988
3997.33005539518,936.385010562742,3995.20101820592,5000,749.662862224878,3843.64876445069
4007.62434656254,3580.26727887345,1467.64157531646,5000,4268.99144661317,2473.37106164901
4021.40006053063,-1357.76387813387,2505.56433286008,5000,-1770.83504212766,2589.6427585874
4049.46947707715,1819.36027626139,-2766.319343881,5000,3498.43532509654,-3572.39428580983
4091.84608263077,5000,-4251.6094105475,5000,4321.31901781948,-3598.00449626768
4116.00215602141,-2323.41298522058,2932.9824985829,5000,-1980.646304769,3104.21465993047
4116.20353736329,-1155.42203826977,-5000,4855.53160722755,-1160.59520774185,-3977.39836791464
4117.8861574476,3795.58849197618,-3708.86649677219,5000,3806.1067662756,-3937.37836358058
4193.64451642271,2188.20628558915,846.644790811998,5000,2627.09113694637,1730.26194557632
4203.73277612177,-1221.95108410427,-3535.95774239944,5000,-1099.7597181318,-3498.00726232382
4207.5945219733,2069.91400679435,467.110873810386,5000,1627.86460746779,450.994674718855
4219.88009867758,598.353222358301,4781.78126632245,4695.81841566927,859.259921486391,5000
4264.91944510701,2719.66656545626,-2717.73697995722,5000,2685.05139773563,-3256.3901885425
4282.87138818864,-1914.2426538574,-120.190611144002,5000,-2564.86128944441,-1330.47391306341
4290.87680487786,-1961.10631399335,-4070.08071759942,5000,-2432.17457103533,-3042.63852110194
4299.79896780538,1349.80283907628,1835.79803419742,5000,2079.61755137113,2353.86167246439
4321.64254992263,2847.06674126333,401.469916902103,5000,2818.62465634076,378.700572215921
4325.20163426424,-1412.75606927509,-1448.18219569766,5000,-4113.79464480424,-1483.19311457291
4357.51711076798,-4345.88343765612,1246.1786196431,5000,-4209.37005304343,1282.30863091672
4407.7330623889,4841.08262603594,2760.95781151037,5000,4917.7334003533,2912.43041845257
4430.11098840597,5000,77.3087692586194,5000,4516.05011482006,127.577383940598
4446.18561480136,-1294.29525485802,4558.56428408025,5000,-1126.71993264818,4747.84309165573
4472.37546899875,-1620.35756654936,-1336.03639488305,5000,-1823.22140012199,290.683235674212
4484.2193071036,-1361.265828981,2855.42176825384,5000,-1525.23346506892,2224.38202222794
4506.68923613271,-883.7606239925,39.3922598071495,5000,598.350872167653,-242.484499556541
4523.28809233018,-5000,-4039.04505271087,5000,-4266.16628897089,-3773.88172280203
4527.48521921945,-3051.06585963938,-3566.1500096106,5000,-2456.20339955356,-2657.38387812609
4546.06572458795,-2333.105646127,1439.41223578663,5000,-2429.63780368038,1192.46496680503
4671.56701386959,-4610.19129894059,59.5967397559434,5000,-4547.39384234608,-410.884225856586
